{
  "schemaVersion": "v2",
  "pages": [
    {
      "step": 1,
      "id": "intro",
      "title": "Welcome to Your Website Experience Review",
      "body": [
        {
          "type": "html",
          "content": "<p>Thank you for helping us improve website accessibility. Your feedback matters.</p>"
        },
        {
          "type": "button",
          "action": "next",
          "label": "Start review"
        }
      ]
    },
    {
      "step": 2,
      "id": "usage_prefs",
      "title": "Tell Us About How You Use Websites",
      "body": [
        { "type": "html", "content": "<p><em>This information helps us understand your unique needs and experiences.</em></p>" },
        {
          "type": "field",
          "fieldType": "checkboxGroup",
          "id": "assistiveTech",
          "label": "Which assistive technologies do you regularly use?",
          "options": ["Screen reader", "Screen magnifier", "Voice control", "Alternative keyboard", "Braille display", "Other"],
          "required": true
        },
        {
          "type": "field",
          "fieldType": "radioGroup",
          "id": "primaryInput",
          "label": "What is your primary input method when browsing websites?",
          "options": ["Keyboard", "Mouse/Trackpad", "Touch", "Voice"],
          "required": true
        },
        {
          "type": "field",
          "fieldType": "select",
          "id": "deviceType",
          "label": "Which device are you using for this review?",
          "options": ["Desktop/Laptop", "Tablet", "Mobile phone"],
          "required": true
        },
        {
          "type": "field",
          "fieldType": "likert",
          "id": "webSkill",
          "label": "How confident are you using the web in general?",
          "options": [
            { "value": 1, "label": "Not confident" },
            { "value": 2, "label": "Slightly" },
            { "value": 3, "label": "Moderately" },
            { "value": 4, "label": "Very" },
            { "value": 5, "label": "Expert" }
          ],
          "hint": "This helps us interpret your feedback in context."
        },
        { "type": "button", "action": "back", "label": "Back" },
        { "type": "button", "action": "next", "label": "Next" }
      ]
    },
    {
      "step": 3,
      "id": "navigation",
      "title": "Website Navigation",
      "body": [
        { "type": "html", "content": "<p><strong>Task:</strong> Locate the main navigation and go to the ‘Contact’ page. Then return here.</p>" },
        {
          "type": "field",
          "fieldType": "radioGroup",
          "id": "navTaskDone",
          "label": "Were you able to complete the task?",
          "options": ["Yes", "Partially", "No"],
          "required": true
        },
        {
          "type": "field",
          "fieldType": "likert",
          "id": "navEase",
          "label": "How easy was it to locate the main navigation?",
          "options": [
            { "value": 1, "label": "Very difficult" },
            { "value": 2, "label": "Difficult" },
            { "value": 3, "label": "Neutral" },
            { "value": 4, "label": "Easy" },
            { "value": 5, "label": "Very easy" }
          ],
          "required": true
        },
        {
          "type": "field",
          "fieldType": "radioGroup",
          "id": "landmarkHelp",
          "label": "Did landmarks or ARIA navigation regions help you?",
          "options": ["Yes", "Somewhat", "No", "Not sure"],
          "showIf": { "assistiveTech": "Screen reader" }
        },
        {
          "type": "field",
          "fieldType": "textarea",
          "id": "navBarriers",
          "label": "Describe any barriers or frustrations you encountered during this task.",
          "hint": "Provide as much detail as possible so we can reproduce the issue."
        },
        { "type": "button", "action": "back", "label": "Back" },
        { "type": "button", "action": "next", "label": "Next" }
      ]
    },
    {
      "step": 4,
      "id": "content_access",
      "title": "Content Access",
      "body": [
        { "type": "html", "content": "<p><strong>Task:</strong> Read the article titled ‘Latest News’ and identify its first heading level.</p>" },
        {
          "type": "field",
          "fieldType": "radioGroup",
          "id": "headingFound",
          "label": "Could you find the first heading in the article?",
          "options": ["Yes", "No"],
          "required": true
        },
        {
          "type": "field",
          "fieldType": "likert",
          "id": "headingClarity",
          "label": "How clear were heading levels overall?",
          "options": [
            { "value": 1, "label": "Very unclear" },
            { "value": 2, "label": "Unclear" },
            { "value": 3, "label": "Neutral" },
            { "value": 4, "label": "Clear" },
            { "value": 5, "label": "Very clear" }
          ]
        },
        {
          "type": "field",
          "fieldType": "checkboxGroup",
          "id": "contentIssues",
          "label": "Which issues did you encounter? (select all that apply)",
          "options": ["Low contrast", "Small text", "Missing alt text", "Insufficient spacing", "None of the above"]
        },
        {
          "type": "field",
          "fieldType": "file",
          "id": "contentEvidence",
          "label": "Upload a screenshot or transcript illustrating an issue (optional)",
          "hint": "Do not upload sensitive information."
        },
        { "type": "button", "action": "back", "label": "Back" },
        { "type": "button", "action": "next", "label": "Next" }
      ]
    },
    {
      "step": 5,
      "id": "interactive_features",
      "title": "Interactive Features",
      "body": [
        { "type": "html", "content": "<p><strong>Task:</strong> Complete the sign-up form in the sidebar and submit it. Return here afterwards.</p>" },
        {
          "type": "field",
          "fieldType": "radioGroup",
          "id": "formSubmit",
          "label": "Were you able to submit the form without errors?",
          "options": ["Yes", "Partially", "No"],
          "required": true
        },
        {
          "type": "field",
          "fieldType": "likert",
          "id": "labelClarity",
          "label": "Rate the clarity of form field labels and instructions.",
          "options": [
            { "value": 1, "label": "Very unclear" },
            { "value": 2, "label": "Unclear" },
            { "value": 3, "label": "Neutral" },
            { "value": 4, "label": "Clear" },
            { "value": 5, "label": "Very clear" }
          ]
        },
        {
          "type": "field",
          "fieldType": "radioGroup",
          "id": "errorAnnouncement",
          "label": "If you made a mistake, were error messages announced in a way you could perceive?",
          "options": ["Yes", "No", "Did not make a mistake"],
          "showIf": { "formSubmit": "No" }
        },
        {
          "type": "field",
          "fieldType": "textarea",
          "id": "interactiveBarriers",
          "label": "Describe any barriers or confusing interactions you experienced.",
          "hint": "Examples: focus lost after submission, unclear validation, dynamic content not announced."
        },
        { "type": "button", "action": "back", "label": "Back" },
        { "type": "button", "action": "next", "label": "Next" }
      ]
    },
    {
      "step": 6,
      "id": "help_support",
      "title": "Help and Support",
      "body": [
        { "type": "html", "content": "<p><strong>Task:</strong> Find the FAQ section and open the live chat widget. Return here when done.</p>" },
        {
          "type": "field",
          "fieldType": "radioGroup",
          "id": "supportTaskDone",
          "label": "Could you complete the task?",
          "options": ["Yes", "Partially", "No"],
          "required": true
        },
        {
          "type": "field",
          "fieldType": "likert",
          "id": "supportEase",
          "label": "How easy was it to locate help/support information?",
          "options": [
            { "value": 1, "label": "Very difficult" },
            { "value": 2, "label": "Difficult" },
            { "value": 3, "label": "Neutral" },
            { "value": 4, "label": "Easy" },
            { "value": 5, "label": "Very easy" }
          ]
        },
        {
          "type": "field",
          "fieldType": "select",
          "id": "preferredChannel",
          "label": "What is your preferred support channel?",
          "options": ["Live chat", "Email", "Phone", "Knowledge base", "Community forum"]
        },
        {
          "type": "field",
          "fieldType": "textarea",
          "id": "supportSuggestions",
          "label": "Suggestions to improve the help & support experience:",
          "hint": "E.g. clearer contact details, faster response, accessible chat widget."
        },
        { "type": "button", "action": "back", "label": "Back" },
        { "type": "button", "action": "next", "label": "Next" }
      ]
    },
    {
      "step": 7,
      "id": "overall",
      "title": "Overall Experience",
      "body": [
        { "type": "html", "content": "<p>Please reflect on your entire experience during this review.</p>" },
        {
          "type": "field",
          "fieldType": "likert",
          "id": "npsScore",
          "label": "How likely are you to recommend this website to other disabled users? (0 = Not at all, 10 = Definitely)",
          "options": [
            { "value": 0, "label": "0" }, { "value": 1, "label": "1" }, { "value": 2, "label": "2" }, { "value": 3, "label": "3" }, { "value": 4, "label": "4" },
            { "value": 5, "label": "5" }, { "value": 6, "label": "6" }, { "value": 7, "label": "7" }, { "value": 8, "label": "8" }, { "value": 9, "label": "9" }, { "value": 10, "label": "10" }
          ],
          "required": true
        },
        {
          "type": "field",
          "fieldType": "select",
          "id": "biggestBarrier",
          "label": "Which area caused you the biggest barrier during this review?",
          "options": ["Navigation", "Content clarity", "Forms/interactive", "Help & support", "Other / none"]
        },
        {
          "type": "field",
          "fieldType": "textarea",
          "id": "overallComments",
          "label": "Any additional comments or suggestions?",
          "hint": "Feel free to highlight both positive and negative aspects."
        },
        { "type": "button", "action": "back", "label": "Back" },
        { "type": "button", "action": "next", "label": "Review & Submit" }
      ]
    },
    {
      "step": 8,
      "id": "summary",
      "title": "Review & Submit",
      "body": [
        { "type": "html", "content": "<p>Below is a summary of your answers. You can download them as JSON or simply submit.</p>" },
        { "type": "button", "action": "back", "label": "Back" },
        { "type": "button", "action": "next", "label": "Finish" }
      ]
    }
  ]
}
